image_id,class_index,official_class_id,scope
Abyssinian_1,0,1,train
Abyssinian_10,0,1,train
Abyssinian_100,0,1,train
Abyssinian_101,0,1,train
Abyssinian_103,0,1,train
Abyssinian_104,0,1,train
Abyssinian_105,0,1,train
Abyssinian_106,0,1,train
Abyssinian_108,0,1,train
Abyssinian_109,0,1,train
american_bulldog_10,1,2,train
american_bulldog_100,1,2,train
american_bulldog_101,1,2,train
american_bulldog_102,1,2,train
american_bulldog_104,1,2,train
american_bulldog_105,1,2,train
american_bulldog_106,1,2,train
american_bulldog_107,1,2,train
american_bulldog_109,1,2,train
american_bulldog_11,1,2,train
american_pit_bull_terrier_10,2,3,train
american_pit_bull_terrier_100,2,3,train
american_pit_bull_terrier_101,2,3,train
american_pit_bull_terrier_102,2,3,train
american_pit_bull_terrier_104,2,3,train
american_pit_bull_terrier_105,2,3,train
american_pit_bull_terrier_106,2,3,train
american_pit_bull_terrier_107,2,3,train
american_pit_bull_terrier_109,2,3,train
american_pit_bull_terrier_11,2,3,train
basset_hound_10,3,4,train
basset_hound_100,3,4,train
basset_hound_101,3,4,train
basset_hound_102,3,4,train
basset_hound_104,3,4,train
basset_hound_105,3,4,train
basset_hound_106,3,4,train
basset_hound_107,3,4,train
basset_hound_109,3,4,train
basset_hound_11,3,4,train
beagle_10,4,5,train
beagle_100,4,5,train
beagle_101,4,5,train
beagle_102,4,5,train
beagle_104,4,5,train
beagle_105,4,5,train
beagle_107,4,5,train
beagle_108,4,5,train
beagle_110,4,5,train
beagle_111,4,5,train
Bengal_10,5,6,train
Bengal_100,5,6,train
Bengal_101,5,6,train
Bengal_102,5,6,train
Bengal_104,5,6,train
Bengal_105,5,6,train
Bengal_106,5,6,train
Bengal_107,5,6,train
Bengal_109,5,6,train
Bengal_11,5,6,train
Birman_10,6,7,train
Birman_100,6,7,train
Birman_101,6,7,train
Birman_102,6,7,train
Birman_104,6,7,train
Birman_105,6,7,train
Birman_106,6,7,train
Birman_107,6,7,train
Birman_109,6,7,train
Birman_11,6,7,train
Bombay_1,7,8,train
Bombay_10,7,8,train
Bombay_100,7,8,train
Bombay_101,7,8,train
Bombay_103,7,8,train
Bombay_104,7,8,train
Bombay_105,7,8,train
Bombay_106,7,8,train
Bombay_108,7,8,train
Bombay_109,7,8,train
boxer_10,8,9,train
boxer_100,8,9,train
boxer_101,8,9,train
boxer_102,8,9,train
boxer_104,8,9,train
boxer_105,8,9,train
boxer_106,8,9,train
boxer_107,8,9,train
boxer_109,8,9,train
boxer_11,8,9,train
British_Shorthair_10,9,10,train
British_Shorthair_100,9,10,train
British_Shorthair_101,9,10,train
British_Shorthair_102,9,10,train
British_Shorthair_104,9,10,train
British_Shorthair_105,9,10,train
British_Shorthair_106,9,10,train
British_Shorthair_107,9,10,train
British_Shorthair_109,9,10,train
British_Shorthair_110,9,10,train
chihuahua_10,10,11,train
chihuahua_100,10,11,train
chihuahua_101,10,11,train
chihuahua_102,10,11,train
chihuahua_104,10,11,train
chihuahua_105,10,11,train
chihuahua_106,10,11,train
chihuahua_107,10,11,train
chihuahua_109,10,11,train
chihuahua_11,10,11,train
Egyptian_Mau_10,11,12,train
Egyptian_Mau_100,11,12,train
Egyptian_Mau_101,11,12,train
Egyptian_Mau_102,11,12,train
Egyptian_Mau_104,11,12,train
Egyptian_Mau_105,11,12,train
Egyptian_Mau_106,11,12,train
Egyptian_Mau_107,11,12,train
Egyptian_Mau_109,11,12,train
Egyptian_Mau_11,11,12,train
english_cocker_spaniel_10,12,13,train
english_cocker_spaniel_100,12,13,train
english_cocker_spaniel_101,12,13,train
english_cocker_spaniel_102,12,13,train
english_cocker_spaniel_104,12,13,train
english_cocker_spaniel_105,12,13,train
english_cocker_spaniel_106,12,13,train
english_cocker_spaniel_107,12,13,train
english_cocker_spaniel_109,12,13,train
english_cocker_spaniel_11,12,13,train
english_setter_10,13,14,train
english_setter_100,13,14,train
english_setter_101,13,14,train
english_setter_102,13,14,train
english_setter_104,13,14,train
english_setter_105,13,14,train
english_setter_106,13,14,train
english_setter_107,13,14,train
english_setter_109,13,14,train
english_setter_11,13,14,train
german_shorthaired_10,14,15,train
german_shorthaired_100,14,15,train
german_shorthaired_101,14,15,train
german_shorthaired_102,14,15,train
german_shorthaired_104,14,15,train
german_shorthaired_105,14,15,train
german_shorthaired_106,14,15,train
german_shorthaired_107,14,15,train
german_shorthaired_109,14,15,train
german_shorthaired_11,14,15,train
great_pyrenees_10,15,16,train
great_pyrenees_100,15,16,train
great_pyrenees_101,15,16,train
great_pyrenees_102,15,16,train
great_pyrenees_104,15,16,train
great_pyrenees_105,15,16,train
great_pyrenees_106,15,16,train
great_pyrenees_107,15,16,train
great_pyrenees_109,15,16,train
great_pyrenees_11,15,16,train
havanese_10,16,17,train
havanese_100,16,17,train
havanese_101,16,17,train
havanese_102,16,17,train
havanese_104,16,17,train
havanese_105,16,17,train
havanese_106,16,17,train
havanese_107,16,17,train
havanese_109,16,17,train
havanese_11,16,17,train
japanese_chin_10,17,18,train
japanese_chin_100,17,18,train
japanese_chin_101,17,18,train
japanese_chin_102,17,18,train
japanese_chin_104,17,18,train
japanese_chin_105,17,18,train
japanese_chin_106,17,18,train
japanese_chin_107,17,18,train
japanese_chin_109,17,18,train
japanese_chin_11,17,18,train
keeshond_10,18,19,train
keeshond_100,18,19,train
keeshond_101,18,19,train
keeshond_102,18,19,train
keeshond_104,18,19,train
keeshond_105,18,19,train
keeshond_106,18,19,train
keeshond_107,18,19,train
keeshond_109,18,19,train
keeshond_11,18,19,train
leonberger_10,19,20,train
leonberger_100,19,20,train
leonberger_101,19,20,train
leonberger_102,19,20,train
leonberger_104,19,20,train
leonberger_105,19,20,train
leonberger_106,19,20,train
leonberger_107,19,20,train
leonberger_109,19,20,train
leonberger_11,19,20,train
Maine_Coon_1,20,21,train
Maine_Coon_10,20,21,train
Maine_Coon_100,20,21,train
Maine_Coon_101,20,21,train
Maine_Coon_103,20,21,train
Maine_Coon_104,20,21,train
Maine_Coon_105,20,21,train
Maine_Coon_106,20,21,train
Maine_Coon_108,20,21,train
Maine_Coon_109,20,21,train
miniature_pinscher_10,21,22,train
miniature_pinscher_100,21,22,train
miniature_pinscher_101,21,22,train
miniature_pinscher_102,21,22,train
miniature_pinscher_104,21,22,train
miniature_pinscher_105,21,22,train
miniature_pinscher_106,21,22,train
miniature_pinscher_107,21,22,train
miniature_pinscher_109,21,22,train
miniature_pinscher_11,21,22,train
newfoundland_10,22,23,train
newfoundland_100,22,23,train
newfoundland_101,22,23,train
newfoundland_102,22,23,train
newfoundland_104,22,23,train
newfoundland_105,22,23,train
newfoundland_106,22,23,train
newfoundland_107,22,23,train
newfoundland_109,22,23,train
newfoundland_11,22,23,train
Persian_1,23,24,train
Persian_10,23,24,train
Persian_100,23,24,train
Persian_101,23,24,train
Persian_103,23,24,train
Persian_104,23,24,train
Persian_105,23,24,train
Persian_106,23,24,train
Persian_108,23,24,train
Persian_11,23,24,train
pomeranian_10,24,25,train
pomeranian_100,24,25,train
pomeranian_101,24,25,train
pomeranian_102,24,25,train
pomeranian_104,24,25,train
pomeranian_105,24,25,train
pomeranian_106,24,25,train
pomeranian_107,24,25,train
pomeranian_109,24,25,train
pomeranian_11,24,25,train
pug_10,25,26,train
pug_100,25,26,train
pug_101,25,26,train
pug_102,25,26,train
pug_104,25,26,train
pug_105,25,26,train
pug_106,25,26,train
pug_107,25,26,train
pug_109,25,26,train
pug_11,25,26,train
Ragdoll_1,26,27,train
Ragdoll_10,26,27,train
Ragdoll_100,26,27,train
Ragdoll_101,26,27,train
Ragdoll_104,26,27,train
Ragdoll_105,26,27,train
Ragdoll_106,26,27,train
Ragdoll_107,26,27,train
Ragdoll_111,26,27,train
Ragdoll_112,26,27,train
Russian_Blue_1,27,28,train
Russian_Blue_10,27,28,train
Russian_Blue_100,27,28,train
Russian_Blue_101,27,28,train
Russian_Blue_103,27,28,train
Russian_Blue_104,27,28,train
Russian_Blue_106,27,28,train
Russian_Blue_107,27,28,train
Russian_Blue_109,27,28,train
Russian_Blue_110,27,28,train
saint_bernard_10,28,29,train
saint_bernard_100,28,29,train
saint_bernard_101,28,29,train
saint_bernard_102,28,29,train
saint_bernard_104,28,29,train
saint_bernard_105,28,29,train
saint_bernard_106,28,29,train
saint_bernard_107,28,29,train
saint_bernard_109,28,29,train
saint_bernard_11,28,29,train
samoyed_10,29,30,train
samoyed_100,29,30,train
samoyed_101,29,30,train
samoyed_102,29,30,train
samoyed_104,29,30,train
samoyed_105,29,30,train
samoyed_106,29,30,train
samoyed_107,29,30,train
samoyed_109,29,30,train
samoyed_11,29,30,train
scottish_terrier_10,30,31,train
scottish_terrier_100,30,31,train
scottish_terrier_101,30,31,train
scottish_terrier_102,30,31,train
scottish_terrier_104,30,31,train
scottish_terrier_105,30,31,train
scottish_terrier_106,30,31,train
scottish_terrier_107,30,31,train
scottish_terrier_109,30,31,train
scottish_terrier_11,30,31,train
shiba_inu_10,31,32,train
shiba_inu_100,31,32,train
shiba_inu_101,31,32,train
shiba_inu_102,31,32,train
shiba_inu_104,31,32,train
shiba_inu_105,31,32,train
shiba_inu_106,31,32,train
shiba_inu_107,31,32,train
shiba_inu_109,31,32,train
shiba_inu_11,31,32,train
Siamese_100,32,33,train
Siamese_101,32,33,train
Siamese_102,32,33,train
Siamese_103,32,33,train
Siamese_106,32,33,train
Siamese_108,32,33,train
Siamese_109,32,33,train
Siamese_110,32,33,train
Siamese_112,32,33,train
Siamese_113,32,33,train
Sphynx_1,33,34,train
Sphynx_102,33,34,train
Sphynx_103,33,34,train
Sphynx_104,33,34,train
Sphynx_107,33,34,train
Sphynx_108,33,34,train
Sphynx_11,33,34,train
Sphynx_110,33,34,train
Sphynx_112,33,34,train
Sphynx_114,33,34,train
staffordshire_bull_terrier_1,34,35,train
staffordshire_bull_terrier_10,34,35,train
staffordshire_bull_terrier_100,34,35,train
staffordshire_bull_terrier_101,34,35,train
staffordshire_bull_terrier_103,34,35,train
staffordshire_bull_terrier_104,34,35,train
staffordshire_bull_terrier_105,34,35,train
staffordshire_bull_terrier_106,34,35,train
staffordshire_bull_terrier_108,34,35,train
staffordshire_bull_terrier_109,34,35,train
wheaten_terrier_10,35,36,train
wheaten_terrier_100,35,36,train
wheaten_terrier_101,35,36,train
wheaten_terrier_102,35,36,train
wheaten_terrier_104,35,36,train
wheaten_terrier_105,35,36,train
wheaten_terrier_106,35,36,train
wheaten_terrier_107,35,36,train
wheaten_terrier_109,35,36,train
wheaten_terrier_11,35,36,train
yorkshire_terrier_10,36,37,train
yorkshire_terrier_100,36,37,train
yorkshire_terrier_101,36,37,train
yorkshire_terrier_102,36,37,train
yorkshire_terrier_104,36,37,train
yorkshire_terrier_105,36,37,train
yorkshire_terrier_106,36,37,train
yorkshire_terrier_107,36,37,train
yorkshire_terrier_109,36,37,train
yorkshire_terrier_11,36,37,train
