image_id,predicted_class_index
Abyssinian_2,5
Abyssinian_20,5
Abyssinian_201,5
Abyssinian_202,5
Abyssinian_204,5
Abyssinian_205,5
Abyssinian_206,5
Abyssinian_207,5
Abyssinian_21,5
Abyssinian_210,5
Bengal_1,5
Bengal_19,5
Bengal_192,5
Bengal_193,5
Bengal_194,5
Bengal_195,5
Bengal_196,5
Bengal_197,5
Bengal_198,5
Bengal_199,5
Birman_1,5
Birman_19,5
Birman_191,5
Birman_192,5
Birman_193,5
Birman_194,5
Birman_196,5
Birman_197,5
Birman_198,5
Birman_199,5
Bombay_2,5
Bombay_20,5
Bombay_200,5
Bombay_201,5
Bombay_202,5
Bombay_204,5
Bombay_205,5
Bombay_208,5
Bombay_21,5
Bombay_213,5
British_Shorthair_2,5
British_Shorthair_21,5
British_Shorthair_212,5
British_Shorthair_213,5
British_Shorthair_218,5
British_Shorthair_22,5
British_Shorthair_223,5
British_Shorthair_230,5
British_Shorthair_239,5
British_Shorthair_241,5
Egyptian_Mau_1,5
Egyptian_Mau_19,5
Egyptian_Mau_198,5
Egyptian_Mau_199,5
Egyptian_Mau_2,5
Egyptian_Mau_20,5
Egyptian_Mau_201,5
Egyptian_Mau_204,5
Egyptian_Mau_207,5
Egyptian_Mau_209,5
Maine_Coon_2,5
Maine_Coon_21,5
Maine_Coon_222,5
Maine_Coon_227,5
Maine_Coon_23,5
Maine_Coon_231,5
Maine_Coon_238,5
Maine_Coon_239,5
Maine_Coon_24,5
Maine_Coon_241,5
Persian_2,5
Persian_21,5
Persian_22,5
Persian_221,5
Persian_224,5
Persian_228,5
Persian_233,33
Persian_239,5
Persian_25,5
Persian_255,5
Ragdoll_2,5
Ragdoll_20,5
Ragdoll_203,5
Ragdoll_204,5
Ragdoll_205,5
Ragdoll_208,5
Ragdoll_210,5
Ragdoll_219,5
Ragdoll_224,5
Ragdoll_227,5
Russian_Blue_20,5
Russian_Blue_201,5
Russian_Blue_202,5
Russian_Blue_203,5
Russian_Blue_204,5
Russian_Blue_205,5
Russian_Blue_206,5
Russian_Blue_207,5
Russian_Blue_208,5
Russian_Blue_209,5
Siamese_20,5
Siamese_209,5
Siamese_21,5
Siamese_210,5
Siamese_216,5
Siamese_218,5
Siamese_22,5
Siamese_222,5
Siamese_224,5
Siamese_225,5
Sphynx_2,5
Sphynx_20,5
Sphynx_21,5
Sphynx_211,5
Sphynx_212,5
Sphynx_213,5
Sphynx_222,5
Sphynx_223,5
Sphynx_228,5
Sphynx_229,5
american_bulldog_2,5
american_bulldog_20,5
american_bulldog_203,5
american_bulldog_205,5
american_bulldog_207,5
american_bulldog_208,5
american_bulldog_209,5
american_bulldog_21,5
american_bulldog_211,5
american_bulldog_212,5
american_pit_bull_terrier_1,5
american_pit_bull_terrier_19,5
american_pit_bull_terrier_191,5
american_pit_bull_terrier_192,5
american_pit_bull_terrier_193,5
american_pit_bull_terrier_194,5
american_pit_bull_terrier_195,5
american_pit_bull_terrier_196,5
american_pit_bull_terrier_197,5
american_pit_bull_terrier_198,5
basset_hound_1,5
basset_hound_19,5
basset_hound_191,5
basset_hound_192,5
basset_hound_193,5
basset_hound_194,5
basset_hound_195,5
basset_hound_196,5
basset_hound_197,5
basset_hound_198,5
beagle_1,5
beagle_19,5
beagle_195,5
beagle_196,5
beagle_197,5
beagle_198,5
beagle_199,5
beagle_2,5
beagle_20,5
beagle_200,5
boxer_1,5
boxer_19,5
boxer_191,5
boxer_192,5
boxer_193,5
boxer_194,5
boxer_195,5
boxer_196,5
boxer_197,5
boxer_198,5
chihuahua_1,5
chihuahua_19,5
chihuahua_191,5
chihuahua_192,5
chihuahua_193,5
chihuahua_194,5
chihuahua_195,5
chihuahua_196,5
chihuahua_197,5
chihuahua_198,5
english_cocker_spaniel_1,5
english_cocker_spaniel_19,5
english_cocker_spaniel_191,5
english_cocker_spaniel_192,5
english_cocker_spaniel_193,5
english_cocker_spaniel_194,5
english_cocker_spaniel_195,5
english_cocker_spaniel_196,5
english_cocker_spaniel_197,5
english_cocker_spaniel_198,5
english_setter_1,5
english_setter_19,5
english_setter_191,5
english_setter_192,5
english_setter_193,5
english_setter_194,5
english_setter_195,5
english_setter_196,5
english_setter_197,5
english_setter_198,5
german_shorthaired_1,5
german_shorthaired_19,5
german_shorthaired_191,5
german_shorthaired_192,5
german_shorthaired_193,5
german_shorthaired_194,5
german_shorthaired_195,5
german_shorthaired_196,5
german_shorthaired_197,5
german_shorthaired_198,5
great_pyrenees_1,5
great_pyrenees_19,5
great_pyrenees_191,5
great_pyrenees_192,5
great_pyrenees_193,5
great_pyrenees_194,5
great_pyrenees_195,5
great_pyrenees_196,5
great_pyrenees_197,5
great_pyrenees_198,5
havanese_1,5
havanese_19,5
havanese_191,5
havanese_192,5
havanese_193,5
havanese_194,5
havanese_195,5
havanese_196,5
havanese_197,5
havanese_198,5
japanese_chin_1,5
japanese_chin_19,5
japanese_chin_191,5
japanese_chin_192,5
japanese_chin_193,5
japanese_chin_194,5
japanese_chin_195,5
japanese_chin_196,5
japanese_chin_197,5
japanese_chin_198,5
keeshond_1,5
keeshond_19,5
keeshond_191,5
keeshond_192,5
keeshond_193,5
keeshond_194,5
keeshond_195,5
keeshond_196,5
keeshond_197,5
keeshond_198,5
leonberger_1,5
leonberger_19,5
leonberger_191,5
leonberger_192,5
leonberger_193,5
leonberger_194,5
leonberger_195,5
leonberger_196,5
leonberger_197,5
leonberger_198,5
miniature_pinscher_1,5
miniature_pinscher_19,5
miniature_pinscher_191,5
miniature_pinscher_192,5
miniature_pinscher_193,5
miniature_pinscher_194,5
miniature_pinscher_195,5
miniature_pinscher_196,5
miniature_pinscher_197,5
miniature_pinscher_198,5
newfoundland_1,5
newfoundland_19,5
newfoundland_191,5
newfoundland_192,5
newfoundland_193,5
newfoundland_194,5
newfoundland_195,5
newfoundland_196,5
newfoundland_197,5
newfoundland_198,5
pomeranian_1,5
pomeranian_19,5
pomeranian_191,5
pomeranian_192,5
pomeranian_193,5
pomeranian_194,5
pomeranian_195,5
pomeranian_196,5
pomeranian_197,5
pomeranian_198,5
pug_1,5
pug_19,5
pug_193,5
pug_194,5
pug_195,5
pug_196,5
pug_197,5
pug_198,5
pug_199,5
pug_2,5
saint_bernard_1,5
saint_bernard_19,5
saint_bernard_191,5
saint_bernard_192,5
saint_bernard_193,5
saint_bernard_194,5
saint_bernard_195,5
saint_bernard_196,5
saint_bernard_197,5
saint_bernard_198,5
samoyed_1,5
samoyed_19,5
samoyed_191,5
samoyed_192,5
samoyed_194,5
samoyed_195,5
samoyed_196,5
samoyed_197,5
samoyed_198,5
samoyed_199,5
scottish_terrier_1,5
scottish_terrier_19,5
scottish_terrier_191,5
scottish_terrier_192,5
scottish_terrier_193,5
scottish_terrier_194,5
scottish_terrier_195,5
scottish_terrier_196,5
scottish_terrier_197,5
scottish_terrier_198,5
shiba_inu_1,5
shiba_inu_20,5
shiba_inu_200,5
shiba_inu_201,5
shiba_inu_202,5
shiba_inu_203,5
shiba_inu_204,5
shiba_inu_205,5
shiba_inu_206,5
shiba_inu_207,5
staffordshire_bull_terrier_20,5
staffordshire_bull_terrier_200,5
staffordshire_bull_terrier_201,5
staffordshire_bull_terrier_202,5
staffordshire_bull_terrier_21,5
staffordshire_bull_terrier_23,5
staffordshire_bull_terrier_24,5
staffordshire_bull_terrier_25,5
staffordshire_bull_terrier_26,5
staffordshire_bull_terrier_27,5
wheaten_terrier_1,5
wheaten_terrier_19,5
wheaten_terrier_191,5
wheaten_terrier_192,5
wheaten_terrier_193,5
wheaten_terrier_194,5
wheaten_terrier_195,5
wheaten_terrier_196,5
wheaten_terrier_197,5
wheaten_terrier_198,5
yorkshire_terrier_1,5
yorkshire_terrier_19,5
yorkshire_terrier_191,5
yorkshire_terrier_192,5
yorkshire_terrier_193,5
yorkshire_terrier_194,5
yorkshire_terrier_195,5
yorkshire_terrier_196,5
yorkshire_terrier_197,5
yorkshire_terrier_198,5
