iteration,exp_id,model,score,metric,direction,validity,status,source
1,cadence_gated_spectral_resnet_iter_001_001,cadence_gated_spectral_resnet,,,,fail,skipped_time_risk,iter_001/iteration_001/cadence_gated_spectral_resnet/run_output_iter_001.json
1,cadence_gated_spectral_resnet_iter_001_002,cadence_gated_spectral_resnet,,,,fail,skipped_time_risk,iter_001/iteration_001/cadence_gated_spectral_resnet/run_output_iter_001.json
1,cadence_gated_spectral_resnet_iter_001_003,cadence_gated_spectral_resnet,,,,fail,skipped_time_risk,iter_001/iteration_001/cadence_gated_spectral_resnet/run_output_iter_001.json
1,cadence_gated_spectral_resnet_iter_001_004,cadence_gated_spectral_resnet,,,,fail,skipped_time_risk,iter_001/iteration_001/cadence_gated_spectral_resnet/run_output_iter_001.json
1,cadence_gated_spectral_resnet_iter_001_005,cadence_gated_spectral_resnet,,,,fail,skipped_time_risk,iter_001/iteration_001/cadence_gated_spectral_resnet/run_output_iter_001.json
1,cadence_gated_spectral_resnet_iter_001_007,cadence_gated_spectral_resnet,0.7480536330975432,r2,higher,pass,success,iter_001/iteration_001/cadence_gated_spectral_resnet/run_output_iter_001.json
2,physical_grid_spacing_resnet_iter_002_001,physical_grid_spacing_resnet,,,,fail,skipped_time_risk,iter_002/iteration_002/physical_grid_spacing_resnet/run_output_iter_002.json
2,physical_grid_spacing_resnet_iter_002_002,physical_grid_spacing_resnet,,,,fail,skipped_time_risk,iter_002/iteration_002/physical_grid_spacing_resnet/run_output_iter_002.json
2,physical_grid_spacing_resnet_iter_002_003,physical_grid_spacing_resnet,,,,fail,skipped_time_risk,iter_002/iteration_002/physical_grid_spacing_resnet/run_output_iter_002.json
2,physical_grid_spacing_resnet_iter_002_004,physical_grid_spacing_resnet,,,,fail,skipped_time_risk,iter_002/iteration_002/physical_grid_spacing_resnet/run_output_iter_002.json
2,physical_grid_spacing_resnet_iter_002_006,physical_grid_spacing_resnet,0.7073949167076032,r2,higher,pass,success,iter_002/iteration_002/physical_grid_spacing_resnet/run_output_iter_002.json
3,cadence_relational_spectral_transformer_iter_003_001,cadence_relational_spectral_transformer,,,,fail,skipped_time_risk,iter_003/iteration_003/cadence_relational_spectral_transformer/run_output_iter_003.json
3,cadence_relational_spectral_transformer_iter_003_002,cadence_relational_spectral_transformer,,,,fail,skipped_time_risk,iter_003/iteration_003/cadence_relational_spectral_transformer/run_output_iter_003.json
3,cadence_relational_spectral_transformer_iter_003_004,cadence_relational_spectral_transformer,0.49884212627723656,r2,higher,pass,success,iter_003/iteration_003/cadence_relational_spectral_transformer/run_output_iter_003.json
