sequence_name,start_frame,scope
bear,0,train
bmx-bumps,0,train
boat,0,train
boxing-fisheye,0,train
breakdance-flare,0,train
bus,0,train
car-turn,0,train
cat-girl,0,train
classic-car,0,train
color-run,0,train
crossing,0,train
dance-jump,0,train
dancing,0,train
disc-jockey,0,train
dog-agility,0,train
dog-gooses,0,train
dogs-scale,0,train
drift-turn,0,train
drone,0,train
elephant,0,train
flamingo,0,train
hike,0,train
hockey,0,train
horsejump-low,0,train
kid-football,0,train
kite-walk,0,train
koala,0,train
lady-running,0,train
lindy-hop,0,train
longboard,0,train
lucia,0,train
mallard-fly,0,train
mallard-water,0,train
miami-surf,0,train
motocross-bumps,0,train
motorbike,0,train
night-race,0,train
paragliding,0,train
planes-water,0,train
rallye,0,train
rhino,0,train
rollerblade,0,train
schoolgirls,0,train
scooter-board,0,train
scooter-gray,0,train
sheep,0,train
skate-park,0,train
snowboard,0,train
soccerball,0,train
stroller,0,train
stunt,0,train
surf,0,train
swing,0,train
tennis,0,train
tractor-sand,0,train
train,0,train
tuk-tuk,0,train
upside-down,0,train
varanus-cage,0,train
walking,0,train
