sequence_name,scope
bear,train
bmx-bumps,train
boat,train
boxing-fisheye,train
breakdance-flare,train
bus,train
car-turn,train
cat-girl,train
classic-car,train
color-run,train
crossing,train
dance-jump,train
dancing,train
disc-jockey,train
dog-agility,train
dog-gooses,train
dogs-scale,train
drift-turn,train
drone,train
elephant,train
flamingo,train
hike,train
hockey,train
horsejump-low,train
kid-football,train
kite-walk,train
koala,train
lady-running,train
lindy-hop,train
longboard,train
lucia,train
mallard-fly,train
mallard-water,train
miami-surf,train
motocross-bumps,train
motorbike,train
night-race,train
paragliding,train
planes-water,train
rallye,train
rhino,train
rollerblade,train
schoolgirls,train
scooter-board,train
scooter-gray,train
sheep,train
skate-park,train
snowboard,train
soccerball,train
stroller,train
stunt,train
surf,train
swing,train
tennis,train
tractor-sand,train
train,train
tuk-tuk,train
upside-down,train
varanus-cage,train
walking,train
bike-packing,validation
bmx-trees,validation
camel,validation
car-shadow,validation
dance-twirl,validation
dogs-jump,validation
drift-straight,validation
gold-fish,validation
india,validation
kite-surf,validation
libby,validation
mbike-trick,validation
paragliding-launch,validation
pigs,validation
shooting,validation
blackswan,final
breakdance,final
car-roundabout,final
cows,final
dog,final
drift-chicane,final
goat,final
horsejump-high,final
judo,final
lab-coat,final
loading,final
motocross-jump,final
parkour,final
scooter-black,final
soapbox,final
